field 1,field 2,field 3,field 4
my name,"my, antoher ""special"" name, yes","and, another, name",karachi:lahore:islamabad
my name,"my, antoher ""special"" name, yes","and, another, name",karachi:lahore:islamabad
my name,"my, antoher ""special"" name, yes","and, another, name",karachi:lahore:islamabad
my name,"my, antoher ""special"" name, yes","and, another, name",karachi:lahore:islamabad
my name,"my, antoher ""special"" name, yes","and, another, name",karachi:lahore:islamabad
my name,"my, antoher ""special"" name, yes","and, another, name",karachi:lahore:islamabad
my name,"my, antoher ""special"" name, yes","and, another, name",karachi:lahore:islamabad
my name,"my, antoher ""special"" name, yes","and, another, name",karachi:lahore:islamabad
my name,"my, antoher ""special"" name, yes","and, another, name",karachi:lahore:islamabad
my name,"my, antoher ""special"" name, yes","and, another, name",karachi:lahore:islamabad
my name,"my, antoher ""special"" name, yes","and, another, name",karachi:lahore:islamabad
my name,"my, antoher ""special"" name, yes","and, another, name",karachi:lahore:islamabad
my name,"my, antoher ""special"" name, yes","and, another, name",karachi:lahore:islamabad
my name,"my, antoher ""special"" name, yes","and, another, name",karachi:lahore:islamabad
my name,"my, antoher ""special"" name, yes","and, another, name",karachi:lahore:islamabad
my name,"my, antoher ""special"" name, yes","and, another, name",karachi:lahore:islamabad
my name,"my, antoher ""special"" name, yes","and, another, name",karachi:lahore:islamabad
my name,"my, antoher ""special"" name, yes","and, another, name",karachi:lahore:islamabad
my name,"my, antoher ""special"" name, yes","and, another, name",karachi:lahore:islamabad
my name,"my, antoher ""special"" name, yes","and, another, name",karachi:lahore:islamabad
